Zipcode,Case Counts,Death Counts,Population,Median age,Under 18(%),18 to 64(%),65 and over(%),Male(%),Female(%),White(%),Black(%),Native(%),Asian(%),Islander(%),Two plus(%),Hispanic(%),Per capita income (USD),Median household income (USD),Below poverty line(%),Mean travel time to work (Minutes),Drove Alone (%),Carpooled (%),Public Transit (%),Bicycle (%),Walked (%),Other (%),Worked at home (%),Number of households,Persons per household,Married (%),Single (%),Number of housing units,Occupied housing (%),Vacant housing (%),Owner Occupied (%),Renter Occupied (%),Median housing value,Moved Since Prev Year(%),Same House Prev Year(%),No Degree(%),High School(%),Some College(%),Bachelor's(%),Post-grad(%),Foriegn Born Population(%),Europe(%),Asia(%),Africa(%),Oceania(%),Latin America(%),North America(%),Death Counts(Per 1000),Case Counts(Per 1000)
10001,7745,57,25026,36.1,10.98,76.38,12.64,49.01,50.99,54.51,6.14,0.04,20.78,0.25,2.17,15.68,91461.0,96787.0,11.59,26.32,2.52,1.16,46.67,3.02,30.22,0.43,12.78,13311.0,1.79,30.49,69.51,15365.0,86.63,13.37,27.05,72.95,403800.0,18.79,81.21,7.56,9.95,10.28,43.84,28.37,28.71,19.08,49.55,2.25,3.52,21.46,4.13,2.2776312634859743,309.47814273155916
10002,19171,412,74363,44.8,13.09,63.18,23.74,49.29,50.71,22.16,7.77,0.5,41.7,0,1.59,25.76,34078.0,35607.0,27.52,32.68,6.13,3.51,51.55,4.8,23.73,0.52,8.28,33790.0,2.15,39.43,60.57,36530.0,92.5,7.5,14.49,85.51,696900.0,8.19,91.81,33.86,18.66,12.98,23.86,10.65,41.04,5.55,79.01,0.61,1.27,12.85,0.7,5.5403897099363935,257.80293963395775
10003,13634,84,54671,31.9,7.18,80.16,12.66,48.78,51.22,67.98,5.01,0.07,15.07,0.13,2.82,8.66,100740.0,129981.0,8.87,24.98,3.93,1.28,46.88,5.07,25.63,0.27,13.89,25158.0,1.78,28.23,71.77,29977.0,83.92,16.08,34.53,65.47,989500.0,29.29,70.71,4.43,5.18,9.23,45.16,36.0,18.84,30.11,41.21,1.84,6.09,15.72,5.03,1.5364635730094565,249.38267088584442
10004,973,2,3310,38.4,7.37,84.23,8.4,47.34,52.66,66.89,4.5,0,18.88,0.36,3.14,5.83,182463.0,204949.0,2.81,25.96,2.64,0.59,41.99,0.16,30.01,0.39,24.06,1822.0,1.81,51.11,48.89,2306.0,79.01,20.99,38.25,61.75,1892400.0,15.71,84.29,0.45,2.07,3.48,45.67,48.33,20.36,27.89,53.26,2.97,7.42,2.08,6.38,0.6042296072507553,293.95770392749245
10005,2323,1,8664,30.4,10.2,88.73,1.06,47.68,52.32,70.16,2.01,0,17.47,0,4.25,6.11,120941.0,184681.0,7.54,23.81,1.49,0.23,57.23,0,30.91,3.17,6.98,4649.0,1.86,32.13,67.87,5979.0,77.76,22.24,15.81,84.19,1159600.0,27.24,72.76,0.25,6.48,1.6,51.52,40.15,17.68,36.36,41.91,0.72,9.01,8.49,3.52,0.11542012927054478,268.1209602954755
10006,1048,1,3260,33.1,10.49,88.99,0.52,44.05,55.95,63.13,4.79,0,17.21,0,4.66,8.8,128585.0,185268.0,6.29,27.81,0.68,0.72,61.24,0.86,28.26,1.41,8.25,1811.0,1.8,46.94,53.06,2219.0,81.61,18.39,19.16,80.84,941300.0,28.72,71.28,0,1.79,5.08,41.46,51.66,28.16,37.47,41.61,1.63,3.38,13.29,2.61,0.3067484662576687,321.4723926380368
10009,15057,182,58267,37.0,10.66,74.48,14.86,46.96,53.04,51.41,7.1,0.11,14.46,0.01,3.4,23.13,57170.0,68220.0,24.28,32.31,5.29,0.98,55.79,5.89,18.41,0.39,11.18,29356.0,1.96,31.19,68.81,31277.0,93.86,6.14,7.39,92.61,476000.0,13.25,86.75,12.34,13.02,13.21,36.96,24.47,23.88,23.53,48.94,0.88,4.28,17.85,4.52,3.1235519247601555,258.4138534676575
10010,7673,62,34763,36.1,13.24,70.13,16.62,49.52,50.48,61.59,10.79,0,14.83,0,2.85,9.03,103737.0,139188.0,10.08,31.59,8.25,1.7,44.99,3.46,25.08,0.9,12.87,16499.0,1.92,41.15,58.85,19155.0,86.13,13.87,30.3,69.7,966500.0,18.18,81.82,3.45,9.67,10.69,37.25,38.93,20.51,18.6,50.18,4.25,0.52,21.55,4.91,1.7835054511981128,220.7231826942439
10011,12973,99,50228,41.9,8.94,74.62,16.44,50.64,49.36,69.74,4.02,0,8.85,0.01,3.36,13.69,123969.0,136208.0,9.71,24.18,4.89,1.09,50.85,3.0,22.29,0.33,13.75,28775.0,1.67,32.95,67.05,34105.0,84.37,15.63,38.56,61.44,1084700.0,19.48,80.52,3.8,4.87,10.42,40.24,40.67,23.49,30.24,35.81,4.23,3.67,21.1,4.95,1.9710121844389583,258.2822330174405
10012,5648,29,23034,35.0,7.91,77.55,14.54,47.63,52.37,68.99,2.24,0,17.28,0,3.1,8.31,101031.0,110490.0,10.99,24.46,3.44,2.3,45.07,4.28,24.4,0.08,15.36,12574.0,1.72,34.65,65.35,14779.0,85.08,14.92,17.89,82.11,1731700.0,21.18,78.82,4.49,5.94,7.67,46.37,35.54,26.17,31.77,46.3,1.31,4.93,12.08,3.62,1.2590084223322047,245.202743770079
10013,7892,64,28657,39.2,15.49,67.06,17.45,50.06,49.94,57.65,2.83,0.1,28.27,0,3.94,6.65,128763.0,130675.0,8.77,26.13,3.89,1.54,42.96,1.87,24.81,0.57,18.1,12294.0,2.18,48.78,51.22,14756.0,83.32,16.68,26.88,73.12,0,18.52,81.48,16.4,7.04,7.65,40.57,28.34,33.04,21.65,59.49,1.27,5.88,6.7,5.02,2.2333112328575915,275.39519140175173
10014,7032,45,29071,38.2,8.12,75.42,16.46,49.53,50.47,82.93,1.47,0.04,4.1,0,3.02,8.27,131591.0,136154.0,5.8,26.58,6.11,1.63,51.65,4.34,16.96,0.17,13.77,17139.0,1.67,33.04,66.96,20877.0,82.1,17.9,28.75,71.25,1221600.0,15.88,84.12,0.91,5.23,9.39,45.65,38.83,16.42,44.49,20.95,5.3,3.81,14.54,10.91,1.5479343675828143,241.89054384094115
10016,13967,94,52912,32.4,8.91,76.31,14.77,48.29,51.71,62.2,2.77,0.07,18.18,0,3.37,12.67,103622.0,124647.0,7.64,24.65,3.22,1.42,34.77,1.95,43.74,0.74,11.49,29005.0,1.77,32.56,67.44,35125.0,82.58,17.42,26.49,73.51,871400.0,20.96,79.04,4.18,5.2,10.41,41.71,38.49,26.26,28.1,47.25,2.44,2.2,17.58,2.43,1.7765346235258541,263.96658602963413
10017,4291,43,16065,40.9,7.32,70.46,22.22,45.04,54.96,69.0,2.72,0,20.17,0,3.14,4.27,114820.0,130417.0,7.09,28.09,6.94,1.34,35.87,0.48,41.61,0.7,11.58,9858.0,1.61,39.63,60.37,12880.0,76.54,23.46,36.08,63.92,752800.0,17.31,82.69,4.59,3.0,7.18,40.48,44.74,34.37,29.83,45.15,5.04,0.72,10.05,9.2,2.6766262060379704,267.1023965141612
10018,3714,13,8135,33.4,5.81,84.04,10.14,52.85,47.15,49.43,3.72,0,29.28,0,2.34,14.64,102739.0,136360.0,11.74,26.41,2.39,1.19,44.15,1.98,38.02,0.59,9.58,4321.0,1.86,37.2,62.8,5154.0,83.84,16.16,13.1,86.9,680200.0,25.11,74.89,7.45,6.62,10.14,38.79,37.0,45.11,24.77,44.28,2.75,1.8,19.81,6.59,1.5980331899200984,456.5457897971727
10019,12718,101,45521,39.5,6.72,76.04,17.24,53.56,46.44,56.44,4.04,0.08,18.57,0.08,2.74,17.6,109919.0,101651.0,11.88,26.31,4.27,0.92,39.4,2.49,34.34,0.45,13.47,27340.0,1.65,35.61,64.39,33471.0,81.68,18.32,22.79,77.21,947500.0,21.58,78.42,3.63,9.41,13.29,37.05,36.62,32.25,22.9,39.82,4.54,1.4,26.31,5.03,2.218756178467081,279.38753542321126
10021,8217,117,42253,42.4,15.46,59.93,24.61,44.7,55.3,80.88,0.25,0.88,11.11,0.2,1.47,5.12,122940.0,130968.0,5.25,29.63,6.92,2.71,46.99,1.09,24.08,0.09,12.11,22084.0,1.89,55.13,44.87,29204.0,75.62,24.38,45.97,54.03,1492900.0,18.16,81.84,1.84,6.03,11.58,35.84,44.71,18.14,28.17,47.1,2.77,1.45,16.34,4.18,2.769034151421201,194.47139848058126
10022,6532,72,31574,48.1,9.9,61.87,28.22,46.82,53.18,76.0,1.14,0.15,10.82,0,2.09,9.72,148503.0,138661.0,5.08,26.38,5.48,2.09,31.56,1.3,37.93,0.08,15.75,17977.0,1.72,49.62,50.38,23942.0,75.09,24.91,48.82,51.18,999100.0,15.55,84.45,2.38,5.37,9.15,36.8,46.29,20.03,31.34,42.7,1.72,1.87,19.13,3.24,2.280357255970102,206.87907772217648
10023,12850,125,62228,42.9,13.79,63.51,22.7,43.96,56.04,72.58,4.3,0.06,11.21,0,2.74,8.49,124872.0,137347.0,6.61,30.08,6.06,1.89,50.64,3.54,17.61,0.62,15.22,33770.0,1.79,46.1,53.9,41828.0,80.74,19.26,39.51,60.49,1450300.0,13.62,86.38,1.91,5.08,10.0,35.63,47.38,24.89,35.02,38.02,6.44,2.69,13.72,4.12,2.0087420453815,206.49868226521824
10024,11302,137,60714,41.2,17.1,62.54,20.36,43.09,56.91,78.03,2.46,0,6.76,0,1.86,10.8,128591.0,137126.0,8.0,31.38,4.94,1.68,59.2,2.56,8.15,0.09,17.73,28850.0,2.07,52.82,47.18,34929.0,82.6,17.4,37.44,62.56,1743700.0,17.38,82.62,4.11,5.4,7.94,35.77,46.79,18.85,42.1,20.69,3.22,4.5,24.88,4.6,2.2564812069703857,186.1514642421847
10025,20004,402,92162,40.6,13.76,65.86,20.37,45.91,54.09,54.48,8.44,0.06,9.97,0.01,2.84,23.73,79978.0,99067.0,14.94,33.69,4.45,2.01,59.58,2.26,12.18,0.47,16.96,40188.0,2.16,40.96,59.04,47372.0,84.83,15.17,31.18,68.82,1055900.0,15.66,84.34,10.0,9.48,12.71,29.53,38.28,25.15,19.78,30.42,3.92,1.96,40.32,3.61,4.361884507714676,217.05258132419002
10026,9349,129,38937,35.4,19.17,70.06,10.77,46.59,53.41,20.87,49.43,0.09,6.14,0,3.7,19.54,45903.0,64716.0,20.53,35.16,7.1,1.39,69.4,1.04,7.86,0.24,10.59,15362.0,2.47,31.45,68.55,16910.0,90.85,9.15,19.11,80.89,940300.0,9.78,90.22,14.45,20.77,17.32,24.96,22.5,26.23,13.49,16.67,23.97,0.53,43.75,1.59,3.313044148239464,240.10581195264143
10027,14531,226,64728,31.1,17.39,71.55,11.05,47.08,52.92,25.97,36.81,0.28,8.43,0.01,2.7,25.13,37106.0,57010.0,22.56,33.58,6.23,0.84,59.95,2.0,16.66,0.66,13.35,23835.0,2.39,27.0,73.0,26597.0,89.62,10.38,13.17,86.83,730300.0,16.3,83.7,12.63,20.27,16.63,24.36,26.11,24.72,11.72,26.5,14.63,0.68,43.64,2.83,3.4915338029909777,224.49326412062786
10028,9821,81,47962,40.0,14.98,65.18,19.84,44.33,55.67,79.83,1.01,0,10.05,0,1.67,7.4,119570.0,131013.0,5.26,31.71,4.75,2.26,57.0,1.18,17.27,0.04,14.06,24974.0,1.91,49.78,50.22,29193.0,85.55,14.45,33.68,66.32,1301100.0,13.67,86.33,2.16,5.27,10.6,35.14,46.84,19.47,41.4,32.52,3.81,0.72,15.73,5.82,1.688836995955131,204.7662732996956
10029,21341,429,74617,37.2,19.32,65.38,15.3,44.88,55.12,15.43,26.41,0.11,10.66,0.04,1.28,44.86,32733.0,33801.0,31.09,35.48,6.04,0.8,67.85,1.68,14.2,1.22,7.32,31485.0,2.26,31.68,68.32,35038.0,89.86,10.14,6.78,93.22,651300.0,10.16,89.84,24.55,23.61,19.34,17.73,14.78,24.38,7.97,33.94,5.58,0.36,51.08,1.08,5.749360065400646,286.00721015318226
10030,6857,126,30996,36.4,19.06,68.63,12.31,43.79,56.21,10.01,54.79,0,3.33,0.01,3.76,27.63,34778.0,45555.0,26.71,38.25,9.19,2.23,68.32,1.82,9.68,0.46,7.76,12817.0,2.35,29.65,70.35,14119.0,90.78,9.22,13.64,86.36,659300.0,10.33,89.67,20.71,20.94,23.42,18.07,16.86,24.41,4.61,7.63,20.0,1.53,65.86,0.37,4.065040650406504,221.2220931733127
10031,14051,251,60280,34.8,16.06,72.9,11.03,49.54,50.46,18.6,24.51,0.08,3.73,0,2.61,49.68,32542.0,55721.0,23.41,39.19,4.94,1.82,73.09,1.29,6.12,0.79,11.47,21863.0,2.73,34.02,65.98,23809.0,91.83,8.17,13.77,86.23,494100.0,12.28,87.72,23.49,19.68,20.12,20.84,15.87,36.89,5.56,8.81,6.99,0.37,77.05,1.21,4.1639017916390175,233.09555408095554
10032,14268,305,59527,36.3,12.76,71.37,15.88,49.8,50.2,15.09,12.95,0.09,3.85,0.08,1.86,65.61,30838.0,53690.0,18.55,39.07,6.57,3.97,66.3,1.25,14.08,0.48,6.73,21814.0,2.67,31.93,68.07,23439.0,93.07,6.93,9.69,90.31,500800.0,13.09,86.91,29.1,16.76,19.52,21.73,12.89,46.33,3.2,6.8,3.12,0.14,86.33,0.41,5.123725368320258,239.6895526399785
10033,13347,213,58648,35.5,17.11,70.3,12.59,51.61,48.39,25.2,3.72,0,2.36,0,1.8,66.51,31673.0,66902.0,16.83,42.61,9.11,4.52,67.24,0.38,10.08,0.4,7.25,19689.0,2.93,37.34,62.66,21007.0,93.73,6.27,12.52,87.48,530600.0,11.03,88.97,25.07,18.19,18.66,22.34,15.74,43.46,6.91,4.74,1.33,0.49,85.93,0.6,3.6318374028099853,227.57809302960032
10034,9611,142,41933,36.4,18.88,68.27,12.84,48.02,51.98,19.32,5.84,0.09,2.89,0,1.79,69.75,32587.0,63556.0,17.25,45.64,9.37,3.87,65.27,0.3,9.93,0.32,8.23,15774.0,2.66,39.33,60.67,16677.0,94.59,5.41,8.67,91.33,397500.0,8.23,91.77,23.39,17.28,22.23,21.54,15.56,40.56,7.96,5.42,0.74,0.09,84.83,0.95,3.386354422531181,229.19896024610688
10035,9467,263,36999,36.3,19.76,66.76,13.48,48.8,51.2,12.13,35.5,0.07,3.36,0.01,2.02,45.41,26109.0,28408.0,35.04,37.95,7.5,1.46,72.38,2.16,7.72,1.5,7.08,14740.0,2.28,25.98,74.02,15730.0,93.71,6.29,8.32,91.68,642700.0,13.74,86.26,24.92,26.12,20.0,17.45,11.51,23.93,9.59,9.33,7.39,0.14,71.5,2.06,7.108300224330387,255.87178031838698
10036,11379,82,28231,37.7,6.59,79.91,13.5,53.81,46.19,52.23,5.81,0.17,19.58,0,4.44,17.68,87345.0,97720.0,13.19,28.42,3.16,1.56,44.69,2.43,31.25,0.09,11.37,17437.0,1.58,29.65,70.35,21262.0,82.01,17.99,8.62,91.38,1236900.0,22.82,77.18,7.65,8.48,12.27,39.76,31.84,33.14,20.83,49.76,2.96,2.03,20.23,4.19,2.904608409195565,403.0675498565407
10037,5186,124,19177,38.6,19.63,62.12,18.25,42.2,57.8,7.37,63.29,0.14,3.93,0,1.67,23.09,36875.0,50686.0,23.27,39.38,11.76,2.18,62.53,1.27,7.29,0.51,12.61,9797.0,1.92,24.33,75.67,10965.0,89.35,10.65,5.09,94.91,375000.0,8.64,91.36,13.13,27.25,17.38,23.8,18.44,15.06,6.37,18.46,25.0,0.38,47.65,2.15,6.466079157323877,270.42811701517445
10038,5405,70,24205,35.5,15.59,67.94,16.47,46.11,53.89,46.37,8.28,0.28,28.39,0,3.78,10.87,71549.0,95640.0,20.3,27.31,4.62,1.63,50.67,1.87,28.49,2.03,10.27,10800.0,2.13,35.76,64.24,12415.0,86.99,13.01,25.47,74.53,827700.0,17.73,82.27,18.18,10.63,10.76,37.33,23.09,27.72,22.73,64.29,0.58,0.82,9.94,1.64,2.8919644701507954,223.3009708737864
10039,6359,123,27090,35.3,23.28,66.43,10.29,45.34,54.66,8.15,53.49,0.19,1.95,0,2.4,33.45,27180.0,41363.0,29.6,41.54,9.19,1.55,75.84,2.18,3.96,0.36,5.71,11490.0,2.33,25.5,74.5,12137.0,94.67,5.33,15.34,84.66,455500.0,7.68,92.32,17.03,25.38,25.78,17.77,14.04,22.96,4.07,9.77,20.56,0,64.2,1.4,4.5404208194905875,234.7360649686231
10040,10628,261,45197,38.5,18.09,63.95,17.96,47.42,52.58,21.08,4.24,0.09,2.54,0,1.78,69.53,28633.0,53199.0,20.33,41.84,7.03,2.45,68.23,0.58,11.0,0.73,9.82,16100.0,2.72,37.04,62.96,16946.0,95.01,4.99,12.47,87.53,449200.0,11.5,88.5,24.39,18.71,19.02,22.2,15.68,47.19,7.94,4.61,1.05,0.24,85.6,0.55,5.7747195610328115,235.14835055424032
10044,2296,60,12770,41.7,15.11,65.0,19.88,45.06,54.94,43.05,12.0,0,31.91,0,3.52,9.37,61598.0,112658.0,7.99,38.71,5.47,3.28,75.95,0.55,1.87,0.15,8.34,5047.0,2.25,46.89,53.11,5728.0,88.11,11.89,25.62,74.38,919100.0,19.08,80.92,7.38,14.27,10.69,21.48,46.18,52.63,16.55,53.62,14.25,1.56,13.57,0.45,4.698512137823023,179.79639780736102
10065,7242,55,30339,37.4,15.74,64.19,20.07,43.87,56.13,73.97,1.95,0,14.48,0,1.71,7.86,138389.0,153002.0,6.0,25.11,5.04,1.38,40.86,1.6,35.02,0.03,11.53,15708.0,1.91,45.88,54.12,21801.0,72.05,27.95,31.79,68.21,1721800.0,21.97,78.03,1.75,6.72,8.55,39.23,43.75,26.61,35.9,41.51,1.6,2.54,13.37,5.08,1.812848149246844,238.70265994264807
10069,1723,3,6504,36.3,30.01,60.7,9.29,49.6,50.4,45.97,3.64,0,28.74,0,4.81,16.84,110364.0,130556.0,20.45,31.9,2.9,4.89,51.1,6.4,19.33,7.13,8.25,3106.0,2.09,58.3,41.7,3997.0,77.71,22.29,28.62,71.38,1731600.0,26.69,73.31,0.59,9.73,4.82,33.18,51.69,29.32,6.55,74.72,4.51,2.31,8.44,3.46,0.46125461254612543,264.9138991389914
10075,5324,90,22591,41.6,14.66,56.92,28.43,43.52,56.48,71.84,2.02,0.59,6.25,0.23,2.64,16.42,130081.0,123854.0,7.09,27.97,11.0,2.84,45.07,0.8,20.82,7.18,12.28,12075.0,1.83,45.49,54.51,14190.0,85.1,14.9,42.19,57.81,1083700.0,17.97,82.03,1.66,10.71,12.37,35.48,39.78,25.01,21.69,21.54,11.58,0.94,42.03,2.23,3.983887388783144,235.6690717542384
10128,13006,115,57993,40.9,13.83,67.36,18.81,43.23,56.77,68.28,4.18,0.02,9.17,0,2.88,14.72,107897.0,117926.0,7.12,33.61,6.16,1.84,60.92,1.57,12.7,0.75,11.47,29698.0,1.94,44.84,55.16,35039.0,84.76,15.24,31.06,68.94,1214600.0,18.28,81.72,4.7,7.73,7.71,36.68,43.19,23.72,32.96,32.41,3.74,2.25,25.27,3.37,1.9829979480282105,224.26844619178178
10280,1639,7,9372,43.3,17.07,74.84,8.09,53.17,46.83,66.87,0.59,0,17.97,0,3.03,11.55,121727.0,170385.0,5.11,28.6,5.89,0.24,49.11,0.9,24.23,6.68,12.94,4524.0,2.07,53.28,46.72,5247.0,86.22,13.78,26.9,73.1,1055900.0,15.68,84.32,0.97,2.21,7.21,40.74,48.87,27.93,43.2,42.02,0.84,0.57,13.03,0.34,0.7469056764831413,174.88262910798122
10301,12068,238,38001,38.4,20.79,63.04,16.17,48.43,51.57,43.8,19.28,0.04,7.75,0,4.17,24.86,38662.0,70065.0,16.31,45.29,39.81,6.57,39.73,0.37,5.09,0.1,7.15,14466.0,2.51,43.52,56.48,16494.0,87.7,12.3,43.81,56.19,523500.0,7.7,92.3,15.06,24.85,21.01,20.52,18.56,22.72,20.7,29.78,10.3,0.27,36.72,2.24,6.2629930791294965,317.5705902476251
10302,6860,76,17942,35.4,24.62,64.63,10.75,51.94,48.06,29.9,24.32,0,6.63,0,0.77,37.82,29470.0,72394.0,13.6,42.32,53.79,9.09,29.08,0,1.37,0.56,4.46,5982.0,2.98,48.99,51.01,6754.0,88.57,11.43,57.32,42.68,431700.0,6.29,93.71,14.73,34.82,22.16,19.24,9.06,24.4,7.79,17.61,11.65,0,62.95,0,4.235871140341099,382.3431055623676
10303,9140,104,27164,34.7,26.19,62.96,10.85,48.73,51.27,17.22,31.0,0.08,7.62,0,3.56,39.95,27542.0,70315.0,20.54,46.02,51.54,5.33,34.56,0.17,4.3,0.56,2.05,8490.0,3.19,45.2,54.8,9521.0,89.17,10.83,62.1,37.9,354000.0,5.35,94.65,18.18,29.81,26.3,17.58,8.13,25.24,5.12,24.41,20.26,0,49.69,0.53,3.8285966720659697,336.4747459873362
10304,13844,324,42133,39.4,21.84,63.78,14.38,48.62,51.38,41.44,25.27,0.06,9.56,0,0.62,22.65,34991.0,64394.0,18.4,46.7,44.69,5.76,40.46,0.54,3.85,0.41,4.27,14928.0,2.72,45.6,54.4,16454.0,90.73,9.27,51.41,48.59,542000.0,7.78,92.22,17.55,28.81,21.68,20.24,11.73,29.7,22.71,30.45,22.01,0.24,24.12,0.47,7.689934255808986,328.5785488809247
10305,13880,186,42968,40.5,20.24,62.43,17.34,48.36,51.64,59.21,6.45,0.04,17.18,0,2.48,14.35,35412.0,77136.0,10.6,43.63,46.18,11.01,34.78,0.31,4.79,0.28,2.17,15379.0,2.74,51.41,48.59,16800.0,91.54,8.46,67.94,32.06,493200.0,7.12,92.88,15.82,27.79,23.63,21.67,11.09,35.74,41.7,38.44,6.38,0,13.37,0.1,4.328802830013033,323.03109290634893
10306,20152,321,54318,42.2,20.4,61.17,18.43,48.06,51.94,68.18,3.09,0.06,8.54,0,2.54,17.42,38181.0,83309.0,10.04,44.54,55.96,7.87,28.17,0.02,2.2,0.17,4.66,19704.0,2.73,53.9,46.1,21077.0,93.49,6.51,69.79,30.21,557500.0,5.77,94.23,10.74,33.25,24.3,18.21,13.5,24.49,48.49,31.28,4.14,0,15.75,0.34,5.909643212194853,371.0004050222762
10307,5294,43,15053,40.3,23.11,63.03,13.86,50.69,49.31,85.56,0.11,0,4.54,0,0.89,8.9,45889.0,108808.0,5.11,43.32,70.01,6.01,17.79,0,0.91,1.07,4.21,5068.0,2.96,58.53,41.47,5292.0,95.77,4.23,78.93,21.07,728000.0,3.66,96.34,7.53,25.78,24.73,27.26,14.7,12.53,49.1,26.25,6.2,0,18.45,0,2.8565734405101972,351.69069288513913
10308,10106,104,28901,42.9,20.22,62.49,17.29,48.23,51.77,83.29,1.46,0.08,5.36,0,0.45,9.31,43496.0,110478.0,3.35,47.3,58.49,8.01,23.85,0.38,1.19,0.04,6.73,10245.0,2.82,60.34,39.66,11158.0,91.82,8.18,81.64,18.36,573900.0,5.18,94.82,4.43,29.86,24.37,23.49,17.85,19.3,61.1,21.1,7.91,0,9.79,0.11,3.5984914016816028,349.67648178263727
10309,12645,101,33896,40.5,22.38,61.22,16.4,49.56,50.44,87.29,0.38,0.35,2.38,0,0.54,8.76,44207.0,102730.0,7.47,46.61,64.87,7.11,21.02,0.09,0.85,0.3,5.59,11750.0,2.87,59.88,40.12,12125.0,96.91,3.09,82.45,17.55,610800.0,4.71,95.29,8.97,29.63,25.98,21.94,13.47,14.94,62.84,20.58,8.08,0,8.39,0.12,2.979702619778145,373.0528675949964
10310,8403,81,24168,39.3,23.87,62.14,13.99,47.77,52.23,41.79,19.5,0.07,6.19,0,1.58,30.83,37030.0,86895.0,15.15,40.81,54.83,7.11,26.99,0.1,6.77,0.05,3.25,8678.0,2.76,51.53,48.47,9732.0,89.17,10.83,59.89,40.11,503000.0,6.15,93.85,12.88,28.09,26.41,17.05,15.57,25.82,18.57,20.03,13.84,0.18,47.2,0.18,3.3515392254220457,347.6911618669315
10312,22299,202,61114,40.9,22.46,60.5,17.04,48.17,51.83,78.78,0.87,0.16,6.84,0.04,1.1,12.03,41155.0,96785.0,5.67,46.05,67.19,7.26,19.21,0.03,0.8,0.18,4.53,21107.0,2.89,56.8,43.2,22131.0,95.37,4.63,83.05,16.95,575700.0,5.46,94.54,6.95,29.23,26.28,22.15,15.39,14.94,48.09,36.85,7.83,0.3,6.89,0.03,3.3052982949896914,364.87547861373827
10314,29680,501,89938,41.7,21.31,60.52,18.17,47.76,52.24,61.21,3.25,0.16,18.04,0.03,2.04,15.2,38315.0,90306.0,9.13,42.45,58.9,9.1,24.56,0.06,2.39,0.06,3.91,31363.0,2.83,55.74,44.26,33345.0,94.06,5.94,74.24,25.76,563800.0,7.31,92.69,10.02,31.34,23.09,22.21,13.33,27.66,22.69,53.46,6.99,0.07,16.37,0.41,5.570504125063933,330.005114634526
10451,14905,282,49423,33.7,24.55,62.61,12.85,44.62,55.38,4.37,34.27,0.35,1.3,0.02,1.02,58.27,21647.0,32598.0,34.56,43.23,14.21,3.74,64.66,0.21,11.49,0.4,3.18,20229.0,2.43,31.95,68.05,20686.0,97.79,2.21,12.57,87.43,217000.0,7.29,92.71,28.34,24.35,27.32,13.66,6.33,28.8,1.41,4.57,13.47,0,78.99,1.56,5.705845456568804,301.5802359225462
10452,20930,353,74379,32.2,28.29,61.72,9.99,46.39,53.61,1.95,24.96,0.15,1.33,0.02,0.89,69.85,15445.0,31351.0,36.62,43.99,11.54,2.99,71.6,0.44,8.06,0.85,3.5,27018.0,2.71,32.41,67.59,27798.0,97.19,2.81,2.73,97.27,438600.0,7.25,92.75,32.53,27.27,27.05,9.78,3.37,40.88,0.41,3.65,12.18,0,83.66,0.1,4.745963242313018,281.3966307694376
10453,21452,355,78858,32.2,27.11,64.02,8.87,45.98,54.02,1.77,25.44,0.03,2.19,0,1.01,68.93,16494.0,31778.0,35.99,45.83,14.69,3.91,64.67,0.49,7.86,0.63,6.58,27401.0,2.81,35.39,64.61,28166.0,97.28,2.72,4.74,95.26,521100.0,7.5,92.5,31.72,29.37,25.07,10.85,2.99,40.94,0.65,4.11,10.57,0.04,84.48,0.15,4.501762662000051,272.0332750006341
10454,11511,223,37807,31.6,28.79,62.25,8.96,48.23,51.77,3.57,29.44,0.05,0.25,0,0.32,66.02,15518.0,23337.0,44.02,40.68,10.0,3.25,66.77,1.25,10.27,0.36,4.15,13573.0,2.71,33.19,66.81,14284.0,95.02,4.98,5.03,94.97,577100.0,7.51,92.49,39.43,28.98,20.32,8.38,2.89,28.91,1.9,1.11,19.03,0,77.96,0,5.8983786071362445,304.4674266670193
10455,12461,219,40300,30.8,28.52,62.85,8.64,47.14,52.86,1.57,23.33,0.01,0.64,0.18,0.52,73.24,17201.0,29439.0,35.99,44.1,14.95,4.28,65.07,1.3,8.45,0.51,4.74,14826.0,2.63,30.01,69.99,15377.0,96.42,3.58,8.96,91.04,307900.0,6.24,93.76,33.51,29.18,24.8,9.2,3.31,28.64,0.24,2.64,11.51,0,85.27,0.34,5.4342431761786605,309.20595533498755
10456,23337,519,90479,32.1,27.29,63.37,9.34,46.9,53.1,1.58,37.47,0.21,0.63,0,1.25,58.36,17050.0,31645.0,35.89,43.11,16.85,2.09,62.62,0.33,12.34,0.49,3.52,31449.0,2.79,33.47,66.53,32730.0,96.09,3.91,5.16,94.84,370600.0,9.19,90.81,33.67,28.88,25.64,8.81,3.0,32.79,0.98,1.69,21.01,0,76.29,0.03,5.736137667304016,257.92725383790713
10457,19890,338,74679,29.9,31.03,59.98,8.99,47.07,52.93,1.71,30.0,0.03,0.67,0,0.79,66.41,17057.0,32378.0,36.04,45.61,18.9,3.09,64.96,0.15,6.39,0.39,4.35,24333.0,2.92,34.96,65.04,25492.0,95.45,4.55,6.53,93.47,412000.0,10.45,89.55,31.74,28.64,25.83,10.02,3.76,39.29,0.56,1.62,16.29,0.21,81.32,0.0,4.52603810977651,266.33993492146385
10458,21633,288,85893,29.2,26.85,64.49,8.66,47.39,52.61,7.5,16.91,0.07,2.56,0.05,0.89,71.8,17388.0,37886.0,32.09,44.75,13.09,2.78,66.07,0.58,10.31,0.23,5.9,28705.0,2.87,34.47,65.53,30772.0,93.28,6.72,3.41,96.59,448000.0,9.04,90.96,32.4,28.99,25.23,8.9,4.47,41.14,3.61,5.07,7.85,0,83.28,0.19,3.3530089762844466,251.85987216653277
10459,13888,294,48391,32.8,25.97,63.78,10.25,48.85,51.15,1.64,29.66,0.14,0.27,0.03,0.47,67.64,17620.0,31896.0,31.32,43.47,17.82,5.81,59.74,0.62,8.84,0.14,5.45,17058.0,2.78,30.84,69.16,18125.0,94.11,5.89,12.32,87.68,452000.0,6.89,93.11,34.15,28.41,23.67,10.17,3.61,31.29,0.57,0.57,14.06,0,84.8,0,6.0755099088673505,286.99551569506724
10460,17298,289,57514,32.9,27.37,60.9,11.74,47.5,52.5,2.97,25.75,0.03,1.64,0.1,1.13,67.19,18911.0,28831.0,36.06,44.36,20.48,4.33,62.56,0.57,5.77,1.19,4.54,20212.0,2.78,34.88,65.12,21240.0,95.16,4.84,10.17,89.83,443400.0,7.74,92.26,32.72,28.09,25.59,10.14,3.46,32.06,1.77,3.17,11.89,0,83.12,0.05,5.024863511492854,300.76155370866223
10461,15710,267,51081,37.8,21.13,62.43,16.45,48.63,51.37,31.23,6.94,0.1,12.48,0.12,1.22,47.36,30010.0,60802.0,13.52,43.06,36.11,5.05,44.01,0.52,8.03,0.55,3.86,19122.0,2.61,45.66,54.34,20220.0,94.57,5.43,33.5,66.5,497700.0,10.52,89.48,17.86,27.81,26.12,17.47,10.74,27.93,22.05,31.29,2.1,0.13,44.4,0.04,5.226992423797498,307.5507527260625
10462,22761,343,75441,36.0,22.37,64.58,13.05,48.23,51.77,10.63,23.29,0.47,15.46,0,2.18,46.47,27139.0,57266.0,17.9,48.31,24.46,4.38,58.78,0.62,5.96,1.51,4.01,28981.0,2.59,42.46,57.54,30416.0,95.28,4.72,23.08,76.92,344100.0,7.94,92.06,18.72,28.78,25.74,17.12,9.64,32.17,6.82,34.2,10.05,0,48.73,0.2,4.546599329277184,301.7059689028512
10463,17957,452,70236,41.6,20.88,58.9,20.22,46.01,53.99,29.46,12.36,0.03,3.28,0.04,1.85,52.16,37379.0,60397.0,18.15,46.59,25.55,4.7,52.45,1.01,6.33,0.82,7.12,29490.0,2.3,41.78,58.22,30404.0,96.99,3.01,32.05,67.95,294100.0,9.01,90.99,18.67,20.35,20.97,19.83,20.19,30.48,15.45,8.82,4.77,0.08,70.21,0.66,6.435446209920839,255.66660971581524
10464,1005,17,4322,43.4,16.77,62.61,20.62,48.54,51.46,59.07,0.49,0,1.83,0,0,36.81,53102.0,101935.0,6.25,44.73,51.68,9.75,24.11,0,8.11,1.8,6.34,1874.0,2.3,48.91,51.09,2058.0,91.06,8.94,61.58,38.42,588200.0,9.61,90.39,7.72,18.02,24.74,26.65,22.86,21.63,47.06,10.05,1.39,0,34.65,6.84,3.933364183248496,232.53123553910225
10465,12854,233,45066,39.6,21.25,62.65,16.09,48.85,51.15,38.54,8.3,0,3.96,0.02,1.68,46.94,34896.0,74889.0,13.84,40.96,50.15,8.75,29.94,0.33,4.38,0.56,4.71,16122.0,2.67,41.6,58.4,17108.0,94.24,5.76,53.94,46.06,511900.0,7.12,92.88,15.74,28.44,29.23,15.92,10.68,17.13,21.12,19.19,6.51,0.05,53.11,0,5.170194825367239,285.2261128123197
10466,17546,313,74519,37.6,21.95,63.66,14.38,43.47,56.53,2.04,65.79,0.52,2.68,0,1.99,24.99,26580.0,58405.0,17.39,45.53,36.29,9.39,44.23,0.56,4.27,1.99,3.15,25009.0,2.94,39.63,60.37,26088.0,95.86,4.14,38.97,61.03,478100.0,9.84,90.16,20.86,30.1,26.36,13.75,8.92,42.51,1.66,1.73,10.22,0,85.97,0.42,4.200271071807189,235.45672915632255
10467,29159,615,100867,34.1,25.43,63.39,11.19,47.13,52.87,9.88,29.6,0.35,5.31,0.01,1.85,52.23,21682.0,40639.0,24.89,46.92,21.11,4.8,61.12,0.35,7.45,0.76,3.84,37713.0,2.61,38.62,61.38,39617.0,95.19,4.81,13.93,86.07,325100.0,11.05,88.95,25.82,29.45,24.98,12.3,7.44,37.47,8.64,11.72,7.62,0,71.98,0.04,6.0971378151427125,289.0836447995876
10468,21583,378,78778,32.8,26.54,61.95,11.51,47.59,52.41,2.73,15.36,0.55,1.91,0,0.77,77.79,18263.0,37777.0,28.03,48.15,14.24,2.31,68.52,0.54,7.07,0.88,5.49,26917.0,2.86,39.13,60.87,27858.0,96.62,3.38,8.72,91.28,228800.0,8.8,91.2,30.31,29.35,25.8,9.88,4.67,47.16,1.29,3.63,6.75,0,88.33,0.01,4.798293939932468,273.9724288506943
10469,18299,578,72550,40.6,20.63,61.04,18.34,46.26,53.74,9.48,53.5,0.05,6.32,0.01,1.73,28.05,28158.0,67190.0,15.54,44.93,42.37,6.15,42.82,0.19,4.47,0.86,2.68,22886.0,3.05,43.12,56.88,23919.0,95.68,4.32,52.24,47.76,482500.0,7.48,92.52,18.92,27.86,26.51,16.53,10.18,39.1,6.17,11.59,9.94,0,71.92,0.37,7.9669193659545146,252.22605099931084
10470,4164,58,15500,38.6,18.77,64.98,16.25,46.74,53.26,36.37,35.74,0,4.93,0,2.99,19.54,34134.0,64643.0,10.92,45.39,37.95,3.25,47.12,0,4.29,0.44,4.47,6096.0,2.51,40.44,59.56,6338.0,96.18,3.82,35.06,64.94,481000.0,14.08,85.92,16.02,26.21,21.24,25.05,11.49,33.61,20.04,6.03,10.75,0,63.03,0.15,3.7419354838709675,268.64516129032256
10471,5453,156,22577,46.0,17.32,54.4,28.28,47.3,52.7,58.39,8.64,0,5.13,0,1.92,25.07,54113.0,93657.0,7.92,45.64,40.91,5.14,39.03,0.4,5.9,0.85,7.21,8714.0,2.2,45.92,54.08,9382.0,92.88,7.12,53.08,46.92,360600.0,12.2,87.8,9.67,14.15,18.94,24.31,32.94,21.03,38.68,20.38,2.08,0.99,36.56,1.31,6.909686849448554,241.5289896797626
10472,19159,341,67989,32.6,27.04,60.66,12.3,47.75,52.25,2.64,21.97,0.44,8.41,0.06,1.89,63.12,18518.0,36038.0,29.39,45.93,21.53,4.5,61.82,0.21,6.28,1.46,3.98,22221.0,3.02,37.35,62.65,23836.0,93.22,6.78,16.31,83.69,516600.0,6.49,93.51,33.76,28.84,22.96,10.31,4.12,41.34,1.12,14.27,7.47,0,77.13,0,5.015517216020239,281.7955845798585
10473,18223,303,59627,36.8,23.99,59.89,16.12,46.41,53.59,2.15,31.19,0.35,1.56,0,0.98,62.27,25247.0,47856.0,23.42,46.44,39.56,3.69,47.44,0.15,4.63,1.5,2.69,21940.0,2.7,31.81,68.19,22809.0,96.19,3.81,30.38,69.62,442900.0,4.19,95.81,25.69,23.65,29.53,13.09,8.03,21.55,1.46,2.61,12.26,0,83.34,0.33,5.081590554614521,305.61658309155246
10474,3073,49,11579,30.9,29.34,62.49,8.17,51.17,48.83,1.91,34.42,0.1,0.21,0,0.09,62.81,13996.0,28419.0,41.55,44.86,16.01,2.35,64.89,0.85,10.15,0.46,4.73,3506.0,2.99,29.51,70.49,3915.0,89.55,10.45,6.13,93.87,442500.0,12.25,87.75,25.69,39.09,24.47,7.31,3.44,31.78,0.73,0.68,31.9,0,66.68,0,4.231798946368426,265.3942482079627
10475,10600,323,43791,44.8,17.94,57.16,24.89,44.55,55.45,6.01,58.51,0,2.47,0,2.39,29.97,28614.0,53819.0,13.27,49.64,32.01,2.55,53.65,0,7.94,0.66,3.26,18653.0,2.27,37.29,62.71,18812.0,99.15,0.85,46.0,54.0,26400.0,5.03,94.97,16.3,27.81,30.1,17.35,8.45,26.64,6.47,7.67,15.77,0.39,69.65,0.04,7.37594482884611,242.05887054417573
11004,3824,136,15297,43.2,19.03,58.02,22.95,47.11,52.89,27.78,4.91,0.41,47.43,0.29,3.62,12.09,42228.0,97845.0,9.07,39.66,64.56,7.58,17.8,0.09,5.52,3.46,3.66,4808.0,3.01,57.07,42.93,4973.0,96.68,3.32,73.38,26.62,557500.0,7.33,92.67,11.0,21.45,19.73,26.16,21.67,44.14,6.4,74.75,1.85,0,16.59,0.41,8.89063215009479,249.98365692619467
11101,11406,108,32537,33.5,17.74,74.78,7.48,50.83,49.17,32.89,12.94,0,26.42,0,5.25,21.84,57723.0,89525.0,14.11,35.33,10.42,2.66,68.93,1.58,4.93,0.66,10.04,14951.0,2.13,43.02,56.98,21280.0,70.26,29.74,13.52,86.48,959000.0,19.4,80.6,9.16,21.34,13.57,32.1,23.84,36.95,16.91,49.65,1.94,0.54,29.64,1.32,3.3192980299351507,350.55475305037345
11102,9210,185,28359,34.7,13.42,73.45,13.12,48.49,51.51,47.24,6.78,0.71,16.3,0,2.6,25.68,48350.0,81462.0,15.17,40.8,13.95,1.51,65.64,1.43,5.25,0.69,11.16,12960.0,2.16,39.93,60.07,18076.0,71.7,28.3,14.46,85.54,730800.0,13.75,86.25,10.48,20.11,15.15,34.68,19.59,36.25,25.65,29.32,3.85,0.18,39.66,1.32,6.5235022391480655,324.76462498677665
11103,11126,131,35419,34.3,12.83,76.76,10.41,49.47,50.53,55.83,2.46,0,14.01,0,3.29,24.14,44505.0,81677.0,10.16,41.26,12.62,3.69,67.34,1.75,5.44,0.27,7.91,15575.0,2.27,41.09,58.91,18395.0,84.67,15.33,14.7,85.3,824000.0,15.25,84.75,10.24,19.79,15.61,36.01,18.35,39.81,36.52,25.06,5.89,0.45,31.27,0.79,3.698579858268161,314.12518704650046
11104,6555,94,25037,38.2,16.37,70.5,13.13,47.02,52.98,43.56,1.03,0.16,24.17,0,3.01,27.85,43338.0,75772.0,9.47,38.37,12.18,2.01,69.12,2.16,6.06,0.21,7.19,11281.0,2.22,47.17,52.83,12494.0,90.29,9.71,21.75,78.25,542700.0,9.38,90.62,9.5,18.03,20.89,30.43,21.15,44.48,16.77,44.77,2.98,0.35,34.21,0.92,3.754443423732875,261.81251747413825
11105,9895,147,37452,35.6,15.39,71.66,12.95,50.6,49.4,61.36,2.21,0.09,10.08,0,3.67,22.37,44799.0,86516.0,9.87,41.32,17.4,4.2,60.41,1.01,5.91,0.22,10.05,15274.0,2.45,45.08,54.92,17347.0,88.05,11.95,27.26,72.74,898300.0,10.98,89.02,11.4,19.13,18.4,32.0,19.07,36.32,39.2,22.13,8.87,0.28,29.06,0.45,3.9250240307593716,264.20484887322436
11106,10154,145,37094,35.2,14.7,71.32,13.99,48.51,51.49,43.95,6.81,0.09,17.87,0.02,3.09,27.57,46095.0,71865.0,11.51,40.14,11.2,1.76,66.81,1.44,6.75,0.59,10.03,16975.0,2.17,40.84,59.16,19538.0,86.88,13.12,18.04,81.96,642600.0,11.03,88.97,12.72,19.24,17.83,31.85,18.38,36.64,22.8,33.61,3.24,0.34,39.01,1.01,3.9089879764921553,273.73699250552653
11109,1445,3,6127,33.0,18.13,76.77,5.09,50.69,49.31,52.15,0.62,0,35.48,0,4.54,7.21,88485.0,169425.0,1.31,34.86,4.41,0,85.02,1.6,0,0.52,8.45,2777.0,2.21,67.52,32.48,4334.0,64.07,35.93,15.45,84.55,600200.0,20.65,79.35,1.12,6.9,5.41,38.85,47.73,39.73,25.47,60.02,0,3.08,11.42,0,0.4896360372123388,235.8413579239432
11201,14465,215,64798,35.0,17.76,70.25,11.98,47.76,52.24,58.16,11.46,0.13,13.29,0.06,5.28,11.35,90678.0,139697.0,11.74,32.24,4.79,0.98,63.48,2.65,11.2,0.26,14.56,29262.0,2.07,44.72,55.28,31956.0,91.57,8.43,35.59,64.41,1025500.0,20.17,79.83,4.3,8.62,9.44,37.57,40.08,19.3,24.46,43.33,5.48,1.23,22.09,3.41,3.318003642087719,223.2321985246458
11203,17587,466,77589,40.0,20.32,61.72,17.96,44.33,55.67,3.75,83.81,0.16,1.86,0,3.2,6.84,29103.0,57707.0,13.78,46.68,26.99,2.95,59.01,0.13,4.38,0.37,5.23,29249.0,2.59,38.86,61.14,32569.0,89.81,10.19,40.46,59.54,498000.0,4.68,95.32,10.68,36.02,26.47,17.83,9.0,50.43,1.33,3.11,2.71,0,92.69,0.16,6.006006006006006,226.66872881465156
11204,20052,324,75840,34.6,28.9,56.59,14.51,49.82,50.18,51.5,0.86,0.3,32.9,0.01,2.13,11.92,23088.0,54984.0,19.57,41.91,23.53,8.09,48.7,1.75,12.16,0.37,4.7,23520.0,3.22,59.22,40.78,25783.0,91.22,8.78,37.93,62.07,911500.0,7.31,92.69,26.76,27.79,16.43,19.47,9.54,45.22,27.6,56.5,2.57,0,12.77,0.56,4.272151898734178,264.3987341772152
11205,10904,111,47866,29.5,28.83,63.26,7.91,45.87,54.13,47.47,25.87,0.29,6.16,0.01,3.16,16.44,37113.0,62952.0,30.57,36.17,11.24,2.46,53.86,4.76,15.38,0.6,11.12,16779.0,2.7,34.01,65.99,18372.0,91.33,8.67,27.26,72.74,762700.0,13.39,86.61,15.88,18.93,17.18,28.9,19.12,17.17,17.52,27.64,7.02,0.6,44.59,2.63,2.3189738018635357,227.80261563531525
11206,23672,347,87599,29.4,27.97,62.32,9.71,47.89,52.11,35.11,18.53,0.16,6.32,0,2.14,37.65,25085.0,43065.0,34.38,37.82,10.3,3.01,62.87,2.48,12.02,0.09,8.09,31489.0,2.76,33.59,66.41,33188.0,94.88,5.12,10.79,89.21,792100.0,10.51,89.49,25.64,25.46,18.96,21.62,8.32,20.52,13.48,25.25,1.91,0.54,57.84,0.98,3.961232434160207,270.23139533556315
11207,25365,490,90867,35.5,23.76,63.0,13.25,45.59,54.41,4.53,57.84,0.21,1.53,0.12,2.08,32.56,22129.0,42276.0,27.06,47.68,20.91,4.31,64.34,0.99,3.13,1.15,4.6,34010.0,2.6,34.27,65.73,37605.0,90.44,9.56,27.18,72.82,536000.0,8.09,91.91,20.32,35.98,25.79,12.8,5.11,30.6,2.24,4.13,5.31,0,87.85,0.47,5.392496725984131,279.1442437848724
11208,27735,508,102626,32.9,26.92,62.38,10.71,47.23,52.77,3.11,47.47,0.04,6.56,0.0,1.87,39.88,21484.0,45946.0,24.39,43.5,23.69,4.24,61.04,0.51,4.36,1.06,4.43,34368.0,2.96,39.08,60.92,38573.0,89.1,10.9,26.34,73.66,540400.0,3.77,96.23,17.28,49.3,18.66,11.17,3.6,38.45,1.32,17.74,4.96,0,75.74,0.23,4.950012667355251,270.2531522226336
11209,18127,272,68368,40.6,19.08,63.25,17.67,48.06,51.94,62.33,3.73,0.07,13.02,0.06,2.78,17.79,45955.0,79524.0,10.72,46.52,21.29,3.88,55.07,0.9,8.4,0.23,9.73,29186.0,2.33,51.56,48.44,32837.0,88.88,11.12,38.97,61.03,813600.0,9.46,90.54,11.22,18.1,19.74,28.49,22.45,30.99,25.69,44.87,10.25,0.17,18.36,0.66,3.9784694593962087,265.13866136204075
11210,15792,302,62423,36.8,24.73,59.67,15.6,47.3,52.7,30.42,54.65,0,3.72,0,2.5,7.6,34111.0,70776.0,10.85,45.57,29.05,4.46,52.79,0.49,6.29,1.11,5.51,21851.0,2.84,44.75,55.25,23734.0,92.07,7.93,43.94,56.06,678700.0,6.51,93.49,10.04,25.82,27.99,22.07,14.09,39.95,8.07,8.8,4.98,0.02,77.99,0.14,4.837960367172356,252.98367588869485
11211,28522,273,104561,30.8,25.21,65.95,8.84,50.74,49.26,62.2,4.18,0.17,6.3,0.03,2.85,23.94,49864.0,90871.0,24.19,32.2,8.48,2.46,57.22,3.75,14.48,0.33,12.03,40821.0,2.54,42.38,57.62,44181.0,92.39,7.61,16.04,83.96,1074400.0,12.95,87.05,15.97,17.93,13.73,33.61,18.76,21.38,32.01,22.15,2.26,2.92,36.75,3.91,2.6109161159514542,272.77856944749954
11212,22163,535,74037,38.6,21.48,64.18,14.34,42.22,57.78,3.01,73.71,0.01,0.91,0.07,3.65,17.98,20958.0,29385.0,32.92,49.73,16.91,4.11,67.39,0.32,7.36,0.65,2.29,31207.0,2.18,28.41,71.59,34401.0,90.72,9.28,14.5,85.5,443700.0,9.89,90.11,21.93,34.98,27.56,11.7,3.84,34.36,0.86,2.97,5.94,0.0,90.07,0.16,7.226116671394033,299.35032483758124
11213,17711,366,67382,34.6,22.18,64.64,13.18,46.71,53.29,21.96,61.49,0.03,1.92,0,2.36,11.74,29216.0,48318.0,21.39,42.96,14.13,2.54,62.52,2.24,8.05,0.5,8.34,26377.0,2.5,34.44,65.56,28469.0,92.65,7.35,17.19,82.81,865900.0,9.28,90.72,18.22,24.09,24.61,19.38,13.7,32.93,7.09,6.63,3.29,0.39,81.15,1.45,5.43171766940726,262.84467661986884
11214,23439,537,90372,40.0,21.33,61.73,16.94,49.02,50.98,40.81,1.6,0.08,36.78,0.0,2.56,17.68,28319.0,57639.0,16.62,47.31,23.9,5.02,55.85,1.01,7.32,0.49,5.48,31717.0,2.82,55.31,44.69,33632.0,94.31,5.69,35.26,64.74,793300.0,9.95,90.05,23.64,25.62,19.12,20.63,10.98,54.85,26.7,55.92,3.4,0,13.93,0.05,5.942105962023636,259.3613065993892
11215,12626,118,69995,36.6,21.8,67.22,10.98,48.61,51.39,65.87,3.41,0.07,9.0,0,5.19,15.76,80814.0,144330.0,6.67,40.2,8.1,1.5,63.34,2.96,8.33,0.71,14.48,28714.0,2.42,55.36,44.64,30992.0,92.65,7.35,40.48,59.52,1291000.0,14.8,85.2,6.12,7.65,9.81,35.79,40.63,18.24,30.66,30.5,1.88,2.15,29.54,5.27,1.6858347024787486,180.3843131652261
11216,13646,186,59567,34.0,15.02,73.89,11.1,45.74,54.26,28.9,48.23,0.04,4.78,0,4.72,12.28,46856.0,77343.0,14.87,42.0,10.98,1.78,66.85,3.97,4.28,1.05,10.83,25771.0,2.29,33.18,66.82,28470.0,90.52,9.48,24.16,75.84,1201100.0,15.04,84.96,10.72,19.74,17.98,32.09,19.47,22.63,11.74,13.96,3.88,0.98,66.36,3.07,3.1225342891198147,229.08657478133864
11217,9601,164,42461,34.6,19.29,69.84,10.88,46.84,53.16,50.49,18.19,0.01,9.14,0.04,6.0,15.61,80321.0,122598.0,13.61,35.8,6.9,0.9,65.49,2.45,8.23,0.51,14.47,18627.0,2.24,41.54,58.46,20776.0,89.66,10.34,28.47,71.53,1345100.0,18.67,81.33,8.73,9.0,11.69,37.39,33.18,18.98,24.14,24.08,4.86,3.62,38.98,4.32,3.862367819881774,226.11337462612752
11218,18654,343,73280,35.7,27.31,60.4,12.29,50.74,49.26,52.24,8.59,0.08,19.65,0,4.3,14.51,36189.0,78249.0,16.41,42.48,17.03,3.96,56.18,1.93,9.78,0.64,9.69,25219.0,2.88,53.09,46.91,26426.0,95.43,4.57,39.72,60.28,785600.0,7.73,92.27,15.24,20.49,17.41,24.87,21.98,32.34,20.9,48.15,1.9,1.0,26.56,1.49,4.6806768558951966,254.55786026200872
11219,22486,388,87812,26.6,37.76,50.41,11.83,49.88,50.12,60.54,1.25,0.13,24.24,0.03,0.59,12.39,17198.0,41907.0,35.47,36.7,16.64,7.35,39.23,0.98,28.84,0.83,5.64,23871.0,3.63,61.51,38.49,26843.0,88.93,11.07,25.82,74.18,956400.0,6.76,93.24,31.43,35.47,12.84,13.68,6.59,33.46,19.7,57.93,2.44,0.14,19.21,0.58,4.418530496970802,256.06978545073565
11220,27463,374,90657,35.6,24.07,63.22,12.71,49.34,50.66,15.25,2.09,0.07,41.16,0,1.0,40.26,22745.0,55119.0,23.73,44.72,12.43,7.73,56.44,1.93,14.44,0.17,5.18,27849.0,3.25,53.56,46.44,30135.0,92.41,7.59,27.38,72.62,868500.0,7.91,92.09,42.22,21.99,12.59,14.65,8.54,54.28,5.15,56.09,3.18,0.01,35.49,0.09,4.125439844689324,302.9330333013446
11221,21459,350,85582,31.4,19.29,70.42,10.28,46.44,53.56,18.56,40.54,0.04,4.09,0.03,2.49,33.81,33609.0,65548.0,22.18,43.57,15.12,2.78,64.7,3.68,5.31,0.43,6.88,33067.0,2.55,29.35,70.65,36147.0,91.48,8.52,21.11,78.89,976900.0,12.2,87.8,17.43,25.07,22.27,23.66,11.57,24.08,8.29,12.4,5.98,0.38,72.36,0.58,4.089645018812367,250.7419784534131
11222,10745,76,36710,35.4,11.46,77.41,11.13,48.6,51.4,71.68,2.86,0.16,5.22,0,4.41,15.23,58965.0,96435.0,10.05,37.19,10.38,1.8,60.2,5.26,9.06,0.44,10.84,17941.0,2.03,38.26,61.74,19390.0,92.53,7.47,17.26,82.74,1098300.0,15.88,84.12,8.67,14.6,17.1,40.06,19.57,26.31,55.94,17.6,1.75,3.0,19.47,2.24,2.070280577499319,292.6995369109234
11223,24406,361,80500,37.3,25.82,58.26,15.91,48.63,51.37,52.03,4.52,0.07,24.99,0.21,3.43,13.4,28693.0,56908.0,17.97,45.53,25.04,7.65,49.84,0.93,8.08,1.35,7.75,27709.0,2.9,56.45,43.55,29897.0,92.68,7.32,37.23,62.77,871000.0,9.36,90.64,20.6,28.72,17.64,20.01,13.03,46.61,28.93,55.76,2.74,0.03,12.05,0.49,4.48447204968944,303.1801242236025
11224,14704,545,45587,49.1,18.7,52.47,28.83,45.76,54.24,49.82,19.1,0.06,7.3,0.02,3.39,20.3,24971.0,35776.0,28.21,51.65,24.16,3.83,55.55,0.26,8.25,0.01,5.77,19272.0,2.3,44.17,55.83,20584.0,93.63,6.37,30.12,69.88,448400.0,7.42,92.58,17.93,26.71,17.51,19.94,17.9,46.86,58.48,24.1,1.84,0,15.4,0.17,11.955162656020356,322.5480948516024
11225,12688,274,56072,36.3,17.22,67.89,14.89,45.34,54.66,27.82,57.38,0.09,2.58,0,1.9,9.95,38992.0,65200.0,15.82,42.69,11.34,2.1,68.28,1.82,5.38,0.27,8.95,24177.0,2.31,34.7,65.3,25651.0,94.25,5.75,18.33,81.67,892700.0,8.79,91.21,11.88,21.3,24.27,25.46,17.09,37.05,6.76,6.28,8.67,0.85,76.09,1.35,4.886574404337281,226.2804965044942
11226,23775,581,96332,34.8,21.32,66.97,11.71,45.68,54.32,13.17,64.05,0.42,2.93,0,2.92,15.94,31064.0,60896.0,15.26,46.28,12.06,2.18,70.33,1.82,5.52,0.56,6.61,37483.0,2.54,35.9,64.1,40989.0,91.45,8.55,12.62,87.38,662400.0,7.15,92.85,13.78,33.27,21.4,20.1,11.45,42.9,3.3,6.36,5.58,0.31,83.83,0.62,6.031225345679525,246.80272391313375
11228,11331,215,43878,42.0,19.29,61.55,19.16,48.87,51.13,48.61,1.17,0.08,36.64,0.05,1.21,12.13,35961.0,76278.0,11.64,43.35,31.49,7.49,44.6,1.36,7.17,0.1,7.0,15473.0,2.82,56.47,43.53,16614.0,93.13,6.87,55.04,44.96,953000.0,7.52,92.48,18.09,28.73,17.07,23.58,12.52,41.64,22.36,59.58,4.82,0.03,12.89,0.32,4.899949860978167,258.2387529057842
11229,23916,411,81909,41.2,21.82,58.34,19.84,47.91,52.09,58.8,5.83,0.07,22.65,0.11,2.58,9.75,33764.0,66332.0,13.52,48.5,29.63,5.81,47.42,1.1,6.75,0.22,7.84,31099.0,2.63,55.22,44.78,33848.0,91.88,8.12,47.45,52.55,669300.0,6.73,93.27,14.22,27.52,19.74,23.27,15.25,46.15,37.03,50.12,1.67,0.1,10.61,0.48,5.017763615719884,291.98256601838625
11230,27047,542,87188,34.3,27.61,56.02,16.37,49.23,50.77,64.16,6.61,0.06,14.23,0.04,2.69,11.41,30168.0,57770.0,18.3,40.74,24.65,6.48,47.55,1.22,11.64,0.8,6.68,31254.0,2.77,55.69,44.31,33404.0,93.56,6.44,30.74,69.26,796900.0,8.07,91.93,16.87,20.1,19.41,24.61,19.0,41.3,35.19,44.1,2.45,0.11,17.83,0.32,6.216451805294306,310.21470844611645
11231,8303,88,37796,36.2,25.19,65.57,9.24,45.53,54.47,59.67,12.91,0.19,5.51,0.7,4.34,16.07,71503.0,108525.0,13.85,36.07,7.44,2.24,51.95,6.7,14.78,0.62,15.21,15871.0,2.38,49.04,50.96,17230.0,92.11,7.89,32.48,67.52,1356300.0,10.41,89.59,10.06,11.86,12.12,33.6,32.36,16.22,29.48,20.2,7.62,2.43,36.75,3.52,2.328288707799767,219.67933114615303
11232,7727,92,26501,33.9,20.78,71.46,7.76,54.33,45.67,22.86,6.23,0.25,15.87,0.06,2.98,51.7,32571.0,74072.0,16.63,41.91,12.15,5.63,61.23,2.86,9.89,0.06,6.15,8936.0,2.74,42.19,57.81,9635.0,92.75,7.25,22.52,77.48,775000.0,11.53,88.47,29.9,21.1,15.77,19.64,13.59,36.69,5.28,30.56,1.43,0,61.81,0.93,3.471567110675069,291.5739028715897
11233,18162,352,79796,33.7,22.64,65.85,11.51,45.73,54.27,10.51,69.26,0.13,2.17,0.03,2.08,15.64,28268.0,48278.0,26.71,42.96,17.83,1.35,68.75,1.48,3.55,0.18,5.34,31811.0,2.45,30.18,69.82,33791.0,94.14,5.86,22.32,77.68,920800.0,7.05,92.95,16.74,32.25,21.57,19.49,9.94,23.66,4.68,9.18,7.51,0.71,76.37,1.55,4.411248684144569,227.60539375407288
11234,22976,416,90372,41.8,21.68,59.49,18.83,46.42,53.58,35.31,42.99,0.15,7.31,0,2.72,10.84,39391.0,84116.0,7.81,49.96,39.41,8.7,42.37,0.43,3.05,0.68,4.91,32227.0,2.8,51.17,48.83,34496.0,93.42,6.58,67.95,32.05,615500.0,5.32,94.68,11.26,28.91,23.68,21.4,14.75,37.43,14.69,19.56,2.68,0.03,62.64,0.41,4.6031956800779,254.23803833045633
11235,25777,781,76921,45.4,17.92,57.75,24.34,47.86,52.14,71.01,1.94,0.05,13.11,0,5.01,8.6,35098.0,56308.0,16.89,45.63,28.37,5.76,46.31,0.52,11.05,0.27,7.02,32492.0,2.33,55.35,44.65,35127.0,92.5,7.5,38.48,61.52,603200.0,8.57,91.43,11.36,22.84,17.85,26.92,21.03,61.98,57.71,33.97,0.88,0.03,7.12,0.3,10.153274138401736,335.1100479712952
11236,23576,550,98821,38.6,22.44,62.79,14.77,43.9,56.1,3.78,83.86,0.09,2.54,0,1.58,7.56,30664.0,74015.0,11.56,50.27,33.79,6.35,53.5,0.11,2.58,0.58,2.81,34018.0,2.86,39.09,60.91,36659.0,92.8,7.2,48.25,51.75,575800.0,4.7,95.3,11.75,31.43,27.61,19.22,9.99,45.57,1.95,4.21,3.41,0.04,90.15,0.25,5.565618643810526,238.57277299359447
11237,13215,188,46772,31.3,18.33,73.55,8.12,50.79,49.21,22.28,8.41,0.31,5.66,0.03,2.22,60.05,28165.0,57375.0,28.29,39.57,10.63,1.98,66.0,2.62,8.82,1.04,8.68,17383.0,2.61,31.32,68.68,18709.0,92.91,7.09,9.03,90.97,846300.0,12.58,87.42,26.41,20.84,16.47,26.62,9.66,35.32,9.54,12.43,1.1,0.22,76.0,0.72,4.019498845463098,282.5408363978449
11238,12825,219,55102,36.1,16.12,71.52,12.36,45.52,54.48,48.92,28.5,0,5.92,0,5.72,10.33,62458.0,100568.0,10.49,38.41,6.96,1.78,63.38,4.1,7.77,0.61,13.66,25443.0,2.12,41.55,58.45,27598.0,92.19,7.81,30.81,69.19,983500.0,15.96,84.04,9.11,10.41,12.83,35.73,31.92,19.0,17.53,21.65,8.81,2.27,47.71,2.03,3.974447388479547,232.75017240753513
11239,4415,181,12832,49.1,19.39,49.64,30.97,39.2,60.8,18.85,56.82,0.29,3.59,0,1.85,18.6,22578.0,29571.0,29.57,54.38,24.86,3.81,57.53,0.74,6.23,3.91,2.92,6771.0,1.88,33.87,66.13,6949.0,97.44,2.56,2.85,97.15,532700.0,2.6,97.4,15.31,38.53,26.34,11.83,7.99,32.47,44.46,14.86,5.16,0,35.53,0,14.105361596009974,344.06172069825436
11354,13004,522,52351,46.6,15.21,63.09,21.7,46.03,53.97,16.1,2.86,0.11,64.6,0.11,1.4,14.29,26708.0,45838.0,18.94,42.32,25.26,12.64,41.04,0.43,15.32,0.53,4.77,20115.0,2.51,53.62,46.38,22646.0,88.82,11.18,38.15,61.85,426400.0,7.97,92.03,25.59,29.32,21.11,14.8,9.18,65.81,5.87,80.3,0.54,0.01,13.12,0.16,9.97115623388283,248.40022158124964
11355,20510,453,81358,44.2,17.19,63.36,19.46,48.14,51.86,8.06,2.31,0.46,72.18,0.05,0.98,15.65,23840.0,45527.0,21.71,40.52,21.38,13.99,42.65,0.41,16.53,0.32,3.64,28422.0,2.85,58.72,41.28,30627.0,92.8,7.2,30.15,69.85,652900.0,6.84,93.16,32.65,28.35,17.42,13.21,8.37,69.53,2.46,83.56,0.37,0.08,13.53,0,5.567983480419873,252.09567590157084
11356,7024,79,24178,37.4,25.29,60.44,14.27,49.02,50.98,24.43,1.41,0,29.3,0.22,1.14,43.3,26804.0,64324.0,9.28,42.86,50.41,10.27,29.81,0.56,4.56,0.19,3.76,7346.0,3.29,57.49,42.51,7900.0,92.99,7.01,47.41,52.59,683400.0,7.4,92.6,20.9,32.78,24.85,14.99,6.47,45.0,6.68,48.94,1.25,0.18,42.56,0.39,3.267433203738936,290.51203573496565
11357,10253,200,40118,46.8,19.39,57.1,23.51,48.16,51.84,55.91,0.45,0,24.66,0.02,1.21,17.34,39414.0,82858.0,5.89,39.73,59.82,10.54,23.38,0,1.33,0.42,4.56,14437.0,2.76,58.93,41.07,15633.0,92.35,7.65,72.51,27.49,794200.0,6.78,93.22,17.47,24.26,22.47,22.65,13.15,35.59,28.56,54.28,0.62,0,16.17,0.36,4.985293384515679,255.57106535719626
11358,8579,116,36665,42.6,18.98,62.68,18.34,48.65,51.35,30.96,0.85,0.38,47.09,0,2.36,17.93,33915.0,70777.0,9.24,43.25,42.88,10.07,37.46,0.15,4.39,0.43,4.27,12923.0,2.83,56.27,43.73,13710.0,94.26,5.74,57.73,42.27,840800.0,4.84,95.16,17.02,24.09,26.15,19.12,13.63,49.24,12.05,70.44,1.16,0.16,16.06,0.12,3.163780171825992,233.98336288013093
11360,3983,84,18892,50.9,15.18,56.65,28.17,45.82,54.18,54.71,0.87,0.08,32.42,0,0.88,10.95,49653.0,84356.0,5.39,44.46,54.89,12.97,23.45,0.11,1.07,0.1,7.04,8293.0,2.27,51.92,48.08,9423.0,88.01,11.99,73.4,26.6,590300.0,7.37,92.63,10.07,20.01,21.37,25.08,23.48,32.66,19.06,61.72,2.35,0.18,16.69,0,4.446326487402075,210.82998094431505
11361,6127,131,28531,45.7,17.49,61.65,20.87,47.43,52.57,40.07,4.56,0.27,42.01,0,0.61,12.06,41863.0,86545.0,8.51,41.47,44.85,12.78,31.6,0,5.31,0.41,4.85,10659.0,2.64,56.03,43.97,11619.0,91.74,8.26,61.82,38.18,744800.0,8.61,91.39,13.79,20.7,23.16,24.45,17.9,39.36,11.98,74.81,0.37,0.06,12.02,0.77,4.591496968210017,214.74886965055555
11362,3693,88,18694,48.5,18.05,57.33,24.62,45.89,54.11,38.5,2.19,0,45.97,0,2.84,10.18,42696.0,92212.0,6.21,42.84,53.67,9.55,22.05,0.49,2.0,0.31,11.48,7153.0,2.58,55.52,44.48,7601.0,94.11,5.89,78.72,21.28,399000.0,8.35,91.65,10.13,20.78,21.48,26.77,20.83,38.79,12.84,75.02,0.51,0,11.12,0.51,4.707392746335723,197.55001604792983
11363,1343,14,6834,48.6,18.57,57.62,23.81,46.08,53.92,49.15,1.76,0,34.06,0,2.27,12.58,57662.0,111094.0,8.03,45.73,42.94,11.55,36.27,0.09,2.52,0.18,6.01,2779.0,2.46,57.05,42.95,2802.0,99.18,0.82,76.03,23.97,807300.0,5.16,94.84,8.88,12.81,18.86,32.65,26.8,34.36,12.73,61.37,0.38,0,25.17,0.34,2.048580626280363,196.51741293532336
11364,7063,84,35866,44.8,19.94,60.12,19.94,49.25,50.75,30.78,2.4,0.71,48.18,0,2.02,15.86,38632.0,87135.0,6.2,46.64,49.68,8.66,33.51,0.14,2.45,0.05,4.87,13141.0,2.72,57.01,42.99,13960.0,94.13,5.87,70.46,29.54,619600.0,7.04,92.96,11.58,22.29,21.6,27.36,17.17,42.26,6.22,78.57,1.48,0,13.28,0.45,2.3420509674901018,196.92745218312606
11365,10217,170,43730,41.7,19.67,62.87,17.47,46.77,53.23,23.27,8.22,0,45.57,0.03,2.13,19.94,32424.0,70102.0,10.99,46.26,42.23,13.73,33.73,0.3,3.27,0.84,4.14,15702.0,2.78,55.57,44.43,16274.0,96.49,3.51,45.71,54.29,763000.0,8.65,91.35,13.83,25.25,23.1,23.88,13.93,47.44,6.9,70.01,1.01,0.02,21.83,0.23,3.8874914246512695,233.63823462154127
11366,3323,64,14109,41.0,19.15,63.07,17.78,49.08,50.92,34.62,5.17,0,46.87,0,2.11,11.16,36531.0,91795.0,11.43,44.99,38.59,8.32,38.7,0.28,3.42,0.07,9.99,4514.0,3.08,56.17,43.83,4873.0,92.63,7.37,70.27,29.73,808500.0,6.98,93.02,13.81,20.58,20.66,25.99,18.95,48.45,8.78,73.08,3.31,0,14.31,0.53,4.536111701750656,235.52342476433483
11367,10717,148,40141,35.9,24.49,57.61,17.89,47.38,52.62,44.61,6.04,0.34,27.67,0,3.08,18.11,30334.0,64332.0,14.26,43.0,39.29,8.31,37.29,0.25,7.76,0.14,5.77,13930.0,2.81,52.87,47.13,15223.0,91.51,8.49,46.04,53.96,544400.0,8.73,91.27,13.39,26.18,18.43,23.96,18.04,40.26,13.27,63.35,1.95,0,20.93,0.5,3.6870033133205453,266.98388181659647
11368,31074,648,108661,33.7,26.15,64.56,9.29,52.32,47.68,4.36,7.21,0.14,12.42,0,0.53,74.94,19749.0,56904.0,18.27,44.66,14.45,6.11,63.24,0.79,11.49,0.39,2.47,28163.0,3.83,44.18,55.82,30189.0,93.29,6.71,20.43,79.57,621500.0,7.68,92.32,36.36,31.75,17.92,11.02,2.95,59.94,1.65,16.15,2.25,0,79.91,0.04,5.963501164171138,285.97196786335485
11369,11770,286,30693,40.5,20.21,62.99,16.81,50.48,49.52,8.96,15.08,0.21,14.59,0.02,1.59,59.25,25573.0,61860.0,14.03,44.39,28.65,7.06,50.66,1.12,5.64,0.3,5.31,9566.0,3.09,47.39,52.61,13891.0,68.86,31.14,59.42,40.58,613400.0,4.92,95.08,20.19,39.05,19.42,13.78,7.57,54.35,3.44,19.5,2.72,0.04,74.3,0,9.318085556967388,383.4750594598117
11370,9177,123,29366,37.5,14.69,71.73,13.58,58.8,41.2,25.15,13.78,0.21,23.34,0,1.03,36.4,24912.0,67582.0,7.62,42.4,30.38,5.26,51.02,0.84,4.07,0.09,7.23,7550.0,3.0,39.14,60.86,10989.0,68.71,31.29,52.79,47.21,768900.0,17.07,82.93,26.34,35.49,16.25,14.59,7.33,42.57,12.98,37.9,3.82,0,45.1,0.2,4.188517332970101,312.5042566233059
11372,18540,424,63107,40.5,20.33,65.27,14.4,50.23,49.77,18.77,2.23,0.08,21.09,0.11,3.07,54.27,32212.0,61239.0,13.96,41.28,13.5,5.17,62.22,0.94,9.53,0.37,6.89,23842.0,2.63,46.46,53.54,25717.0,92.71,7.29,33.28,66.72,378700.0,6.11,93.89,20.17,29.34,19.52,17.47,13.5,57.42,8.92,27.8,2.57,0.04,60.55,0.14,6.718747524046461,293.7867431505221
11373,28052,482,96495,37.8,20.71,65.96,13.33,48.87,51.13,5.43,1.42,0.39,49.31,0.03,1.42,41.77,24628.0,56835.0,11.25,42.64,15.95,4.54,67.04,0.39,6.82,0.22,4.17,31255.0,3.07,52.61,47.39,34328.0,91.05,8.95,30.79,69.21,612700.0,8.12,91.88,24.09,31.72,16.38,20.23,7.57,66.26,2.12,56.14,0.68,0,40.98,0.1,4.995077465153635,290.7093631794394
11374,12175,203,43173,41.6,17.79,63.01,19.2,46.3,53.7,40.62,3.94,0,32.12,0,4.34,18.29,41519.0,75266.0,11.42,43.75,21.35,3.77,55.81,0.15,6.81,0.69,10.2,19044.0,2.26,52.17,47.83,20535.0,92.74,7.26,41.42,58.58,433800.0,9.08,90.92,8.51,17.66,19.4,31.95,22.48,56.7,23.99,56.15,3.2,0.05,16.43,0.17,4.702012832094132,282.0049568017048
11375,16293,371,72615,43.8,17.92,62.37,19.71,47.2,52.8,49.6,2.73,0.05,28.39,0.01,3.73,15.24,53323.0,88117.0,7.62,45.8,23.69,4.5,55.57,0.29,5.43,0.26,9.57,32509.0,2.22,55.49,44.51,34783.0,93.46,6.54,52.09,47.91,468400.0,9.71,90.29,5.87,14.01,16.76,33.71,29.65,43.55,23.33,57.74,1.44,0.34,16.03,1.12,5.109137230599739,224.3751291055567
11377,25675,414,82021,40.5,16.51,66.96,16.53,50.64,49.36,19.89,1.96,0.03,36.38,0,2.26,39.05,31145.0,59910.0,9.76,35.68,19.4,5.09,61.24,0.94,7.66,0.43,4.34,31601.0,2.58,47.29,52.71,33644.0,93.93,6.07,31.44,68.56,570000.0,6.02,93.98,18.8,31.75,19.08,20.55,9.82,57.85,9.6,49.87,0.52,0.05,39.89,0.07,5.047487838480389,313.02958998305314
11378,10493,140,39033,38.8,23.08,64.44,12.48,49.48,50.52,50.83,1.03,0.14,12.14,0,1.52,33.71,33641.0,82326.0,9.14,42.83,38.69,7.11,43.4,0.65,5.7,0.63,3.45,12887.0,3.01,50.38,49.62,14180.0,90.88,9.12,54.42,45.58,673900.0,8.2,91.8,13.47,33.8,25.61,18.85,8.27,39.7,40.81,23.15,1.16,0,34.48,0.4,3.5867086823969463,268.82381574565113
11379,10181,214,37780,43.8,19.27,61.54,19.19,47.71,52.29,64.48,0.47,0.07,11.47,0,0.61,21.13,39221.0,89700.0,6.22,42.84,42.16,6.5,40.58,0.31,4.29,1.78,5.06,13561.0,2.76,55.63,44.37,14685.0,92.35,7.65,59.91,40.09,708700.0,7.61,92.39,13.19,27.67,22.86,22.26,14.02,36.51,48.31,23.08,0.49,0.12,27.85,0.15,5.664372683959767,269.48120698782424
11385,28570,325,105025,35.7,20.49,68.62,10.9,49.68,50.32,44.0,1.71,0.02,5.92,0,1.35,46.69,31940.0,77044.0,10.41,43.47,26.27,3.87,56.16,1.26,6.8,0.31,4.94,35589.0,2.95,46.74,53.26,38469.0,92.51,7.49,31.1,68.9,673600.0,6.84,93.16,16.16,30.0,23.92,19.67,10.24,39.44,38.61,11.52,3.29,0.09,45.96,0.54,3.0945013092120925,272.03046893596763
11411,4856,90,20473,45.1,17.64,62.51,19.85,46.69,53.31,1.81,89.54,0.07,0.4,0,0.99,6.49,38080.0,104269.0,3.76,49.3,54.71,4.91,35.02,0.5,1.22,0.71,3.12,6183.0,3.31,43.74,56.26,6366.0,97.13,2.87,87.06,12.94,464100.0,5.09,94.91,6.69,26.46,33.74,19.55,13.56,40.37,2.34,0.59,5.37,0,91.37,0.33,4.396033800615444,237.19044595320665
11412,10252,168,37987,40.8,19.32,66.13,14.54,45.44,54.56,1.19,84.83,0.79,2.34,0.23,2.56,6.42,32139.0,85235.0,8.32,47.13,47.57,5.88,38.34,0.32,2.02,1.64,4.11,11259.0,3.37,39.35,60.65,12027.0,93.61,6.39,74.86,25.14,475000.0,5.41,94.59,11.72,32.52,30.95,15.47,9.34,39.11,1.37,4.02,2.11,0.2,91.8,0.5,4.422565614552347,269.881801668992
11413,10471,196,41810,40.6,20.27,63.42,16.31,45.72,54.28,1.38,87.96,0.26,1.16,0.18,1.77,6.18,34683.0,91836.0,6.53,48.36,51.91,4.75,33.63,0.32,2.26,1.12,5.29,12694.0,3.27,40.83,59.17,13500.0,94.03,5.97,72.09,27.91,486900.0,5.64,94.36,10.2,31.13,32.29,15.98,10.4,38.47,1.2,2.06,3.94,0.06,92.45,0.29,4.687873714422387,250.44247787610618
11414,8383,165,27672,46.7,18.77,56.87,24.36,48.24,51.76,67.88,2.93,0,4.99,0,2.18,21.51,43104.0,75599.0,10.19,42.12,57.16,6.86,29.48,0.28,3.01,0.51,2.12,11058.0,2.5,50.38,49.62,11746.0,94.14,5.86,74.3,25.7,538500.0,5.85,94.15,11.65,31.78,28.41,15.27,12.9,19.67,46.67,15.66,1.34,0,34.97,1.36,5.962705984388552,302.941601618965
11415,5005,98,18464,39.9,20.37,64.18,15.45,49.3,50.7,49.82,4.22,1.03,16.67,0.03,2.85,24.17,45504.0,75476.0,9.78,43.34,26.58,4.26,53.05,2.05,4.86,1.21,6.61,7849.0,2.34,46.79,53.21,8997.0,87.24,12.76,39.36,60.64,377700.0,12.55,87.45,7.66,19.08,24.87,27.23,21.15,41.2,24.0,40.29,4.13,0,31.02,0.55,5.307625649913345,271.06802426343154
11416,8198,126,26087,37.3,21.93,65.03,13.03,51.84,48.16,13.13,3.6,0,31.96,0.05,3.87,46.06,26090.0,73471.0,14.74,47.19,29.55,5.56,49.42,0.87,5.72,1.33,7.68,7409.0,3.51,51.48,48.52,7979.0,92.86,7.14,44.36,55.64,591600.0,7.23,92.77,22.96,31.82,23.88,15.24,6.1,50.43,6.57,30.8,1.63,0.32,60.54,0.14,4.829991950013416,314.2561429064285
11417,9499,119,31156,36.9,23.29,63.43,13.28,45.98,54.02,16.65,6.99,0,29.92,0.01,4.4,37.15,27832.0,79210.0,13.91,47.47,34.08,6.19,48.16,0.6,3.99,4.88,5.41,8887.0,3.5,53.89,46.11,9577.0,92.8,7.2,59.13,40.87,587600.0,8.54,91.46,19.53,27.92,25.96,18.8,7.79,42.16,7.2,36.86,0.65,0,55.14,0.14,3.819489022981127,304.88509436384646
11418,10565,168,37666,36.8,23.04,63.72,13.24,51.08,48.92,16.6,6.98,0.74,23.38,0,6.08,43.4,28897.0,73856.0,12.1,46.15,30.6,5.64,49.51,0.46,5.58,2.82,7.21,11250.0,3.29,52.29,47.71,11987.0,93.85,6.15,46.27,53.73,593100.0,9.91,90.09,20.57,28.17,21.37,18.49,11.4,48.47,5.44,28.39,0.94,0,65.11,0.13,4.4602559337333405,280.49169011840917
11419,13411,223,47955,40.5,18.29,66.43,15.28,51.18,48.82,3.95,12.61,0.45,38.21,0.05,6.03,18.47,25432.0,79589.0,11.16,48.3,36.59,8.78,47.86,0.15,4.25,20.23,1.46,12497.0,3.83,52.42,47.58,13204.0,94.65,5.35,62.87,37.13,577200.0,6.48,93.52,27.3,32.65,18.84,14.52,6.68,65.62,1.08,27.65,0.32,0.03,70.71,0.19,4.650192889166927,279.65801272025857
11420,13145,219,47266,39.8,19.53,67.93,12.54,50.74,49.26,5.06,23.86,1.47,31.65,0.24,7.27,24.3,29024.0,85190.0,10.28,47.52,47.51,6.97,37.41,0,1.29,6.15,4.92,13042.0,3.62,49.59,50.41,14205.0,91.81,8.19,71.39,28.61,563300.0,4.67,95.33,21.83,32.34,25.39,13.45,6.99,49.6,1.22,14.97,0.85,0,82.88,0.07,4.633351669276013,278.1068844412474
11421,12893,203,39654,38.3,21.44,65.7,12.86,49.86,50.14,14.7,3.79,0,19.33,0,2.34,58.42,28860.0,77738.0,8.96,48.1,28.83,5.16,56.67,0.23,3.89,1.41,4.4,11325.0,3.5,49.93,50.07,12389.0,91.41,8.59,53.61,46.39,554400.0,7.33,92.67,22.26,28.27,24.76,17.84,6.86,50.71,6.78,24.51,0.32,0,68.14,0.26,5.119281787461542,325.13743884601803
11422,8215,134,32786,39.6,19.99,65.47,14.55,46.99,53.01,4.42,81.66,0.09,2.28,0,2.05,8.81,33878.0,93397.0,7.34,50.37,54.81,6.54,30.92,0,1.82,0.7,3.59,9951.0,3.29,41.16,58.84,10516.0,94.63,5.37,66.62,33.38,480100.0,6.86,93.14,10.83,27.48,32.27,18.69,10.73,39.71,1.77,2.66,5.32,0,90.25,0,4.087110351979503,250.56426523516134
11423,8484,212,29532,41.6,19.52,62.86,17.62,47.97,52.03,10.1,37.58,0.52,29.78,0,2.87,13.63,30866.0,70990.0,10.24,45.36,41.59,4.98,43.07,0.11,2.68,5.53,6.16,9838.0,2.96,47.35,52.65,10446.0,94.18,5.82,57.77,42.23,553300.0,4.5,95.5,14.29,24.79,27.59,21.55,11.78,54.33,3.93,28.72,5.41,0,61.86,0.09,7.178653663822294,287.2815928484356
11426,4950,69,20222,40.0,22.01,57.84,20.15,49.26,50.74,27.84,5.49,0.06,42.78,0,2.92,19.67,42143.0,102770.0,6.42,41.18,60.08,11.07,24.08,0,1.31,1.24,2.35,6287.0,3.2,63.68,36.32,6716.0,93.61,6.39,76.52,23.48,576600.0,7.07,92.93,9.2,27.32,22.38,23.83,17.27,43.79,4.4,66.16,0.68,0.37,28.39,0,3.412125407971516,244.78290970230444
11427,6036,95,25096,42.9,20.37,58.36,21.27,49.25,50.75,16.99,20.56,0.67,33.09,0,4.55,20.72,33963.0,81688.0,9.06,46.61,48.88,7.2,37.25,0.16,1.09,3.43,4.45,7745.0,3.12,55.65,44.35,8197.0,94.49,5.51,61.08,38.92,558600.0,5.48,94.52,14.08,24.57,26.54,21.01,13.8,48.19,3.3,48.22,1.94,0,46.46,0.07,3.7854638189352885,240.5164169588779
11428,5328,105,19830,42.8,18.32,61.07,20.61,49.64,50.36,10.82,19.11,0.14,29.09,0,6.94,24.07,30134.0,77466.0,7.85,45.98,47.33,8.3,37.53,0.29,2.29,9.82,3.48,6121.0,3.24,54.36,45.64,6510.0,94.02,5.98,71.44,28.56,551600.0,3.93,96.07,18.44,31.85,25.7,15.87,8.13,51.22,4.13,25.71,0.24,0,69.66,0.27,5.29500756429652,268.6838124054463
11429,7581,145,27808,40.9,18.01,63.78,18.22,45.49,54.51,2.24,69.54,0.56,3.8,0.1,4.39,14.35,30634.0,82532.0,8.93,50.63,46.21,8.02,38.03,0.35,1.45,5.03,4.19,8006.0,3.46,40.85,59.15,8354.0,95.83,4.17,72.48,27.52,480000.0,8.04,91.96,14.16,30.07,29.65,16.93,9.19,42.71,1.09,5.7,1.52,0,91.46,0.23,5.214326812428078,272.61939010356735
11432,15994,440,64282,36.6,21.25,63.0,15.75,47.42,52.58,12.46,17.1,0.52,42.36,0.19,4.63,20.82,28208.0,66270.0,13.66,45.68,32.02,3.61,49.37,0.24,7.34,1.93,5.82,18790.0,3.18,50.49,49.51,20105.0,93.46,6.54,39.7,60.3,650800.0,11.3,88.7,19.32,22.62,21.29,23.43,13.35,56.73,4.44,53.91,3.0,0.03,38.48,0.14,6.844839924084503,248.80993124047168
11433,9870,193,36929,34.8,23.21,63.6,13.19,45.56,54.44,2.86,60.3,0.26,12.88,0.02,3.17,14.44,24772.0,62453.0,12.58,48.59,39.65,6.33,46.82,0.07,3.48,6.08,2.95,10655.0,3.45,39.74,60.26,11433.0,93.2,6.8,43.53,56.47,459400.0,8.98,91.02,20.72,36.14,25.32,12.82,5.01,40.0,0.63,23.92,4.91,0,70.42,0.12,5.226244956538221,267.26962549757644
11434,16826,372,62590,38.9,22.63,62.08,15.29,44.12,55.88,1.61,81.36,0.02,3.29,0,2.24,9.44,30303.0,65845.0,9.57,48.93,44.38,4.53,44.29,0.19,1.97,2.04,2.28,21510.0,2.81,38.0,62.0,22644.0,94.99,5.01,49.74,50.26,441000.0,6.38,93.62,12.71,30.17,34.11,15.23,7.78,33.8,0.86,3.73,6.07,0.04,88.94,0.36,5.943441444320179,268.82888640357885
11435,14995,293,59392,35.8,21.71,65.45,12.84,51.11,48.89,12.83,25.04,0.25,21.95,0,3.17,30.81,29557.0,69873.0,14.94,46.55,29.18,4.09,53.05,0.14,6.17,5.96,6.16,19310.0,3.01,47.8,52.2,20323.0,95.02,4.98,34.34,65.66,441300.0,8.99,91.01,20.9,21.03,26.71,19.88,11.48,51.68,7.18,31.81,3.5,0,57.29,0.22,4.933324353448276,252.47508081896552
11436,5276,88,18955,38.7,21.07,65.71,13.22,48.01,51.99,1.8,59.74,0,8.73,0,6.48,14.17,29271.0,72962.0,9.57,46.89,49.18,6.66,34.38,0.05,5.04,9.08,2.43,5496.0,3.4,42.41,57.59,5908.0,93.03,6.97,69.45,30.55,459900.0,5.99,94.01,16.34,35.8,26.76,14.77,6.33,40.84,1.38,5.68,2.76,0,89.74,0.43,4.6425745185966765,278.3434450013189
11691,19207,614,68454,31.5,30.54,56.17,13.28,46.75,53.25,23.8,43.81,0,4.73,0.03,2.96,23.5,25924.0,52605.0,19.34,49.4,43.33,4.45,38.34,0.19,6.29,1.17,5.39,21163.0,3.12,41.55,58.45,22279.0,94.99,5.01,24.73,75.27,548000.0,9.84,90.16,21.69,27.18,25.21,14.85,11.07,32.34,7.8,13.09,8.72,0,69.68,0.71,8.969526981622694,280.58258100330147
11692,5068,154,22394,37.0,27.5,58.32,14.18,48.81,51.19,12.45,52.84,0.18,5.56,0,2.16,25.1,25820.0,53077.0,18.54,55.8,40.52,6.49,45.71,0.88,3.14,1.71,1.2,7408.0,2.88,43.68,56.32,7826.0,94.66,5.34,36.51,63.49,456600.0,8.22,91.78,18.52,28.32,27.13,15.98,10.05,33.6,9.95,14.05,13.49,0,62.24,0.27,6.876842011253014,226.31061891578102
11693,3256,63,13029,40.7,23.1,60.74,16.16,44.89,55.11,42.46,18.63,0,4.14,0,3.37,28.5,31625.0,52946.0,16.75,49.78,55.69,1.99,36.78,0.25,1.01,2.91,3.92,5210.0,2.45,36.86,63.14,5780.0,90.14,9.86,48.5,51.5,353400.0,5.45,94.55,19.35,26.47,23.36,16.96,13.87,24.84,39.57,11.83,2.9,0,45.29,0.4,4.8353672576559985,249.90406017345921
11694,5783,133,21258,45.6,20.95,60.71,18.35,49.89,50.11,70.51,5.11,0.91,2.1,0,1.19,19.36,44937.0,87755.0,10.24,45.56,58.69,5.92,22.65,1.04,7.3,0.82,2.96,8069.0,2.46,49.82,50.18,9005.0,89.61,10.39,53.38,46.62,704200.0,8.82,91.18,10.09,23.66,21.56,23.58,21.12,13.64,34.6,17.28,5.42,0.17,40.98,1.55,6.256468153165867,272.0387618778813
11697,1461,20,3527,50.2,18.68,58.89,22.43,48.68,51.32,90.05,0.6,0,0.68,0,0,7.88,57053.0,116205.0,4.08,44.3,63.9,9.85,16.19,1.82,2.02,0.79,6.21,1295.0,2.72,58.09,41.91,2628.0,49.28,50.72,96.06,3.94,598600.0,10.64,89.36,4.17,13.35,34.57,25.55,22.36,2.47,51.72,27.59,9.2,0,11.49,0,5.670541536716756,414.2330592571591
